index,symbol
0,BTCUSDT
1,ETHUSDT
2,USDCUSDT
3,SOLUSDT
4,BNBUSDT
5,FDUSDUSDT
6,XRPUSDT
7,ZECUSDT
8,DOGEUSDT
9,ASTERUSDT
10,SUIUSDT
11,TRXUSDT
12,ADAUSDT
13,AVAXUSDT
14,UNIUSDT
15,LINKUSDT
16,PEPEUSDT
17,BCHUSDT
18,ENAUSDT
19,HMSTRUSDT
20,XPLUSDT
21,PAXGUSDT
22,LTCUSDT
23,NEARUSDT
24,USDEUSDT
25,EURUSDT
26,LAYERUSDT
27,TAOUSDT
28,AAVEUSDT
29,USD1USDT
30,0GUSDT
31,PUMPUSDT
32,PENGUUSDT
33,WIFUSDT
34,GIGGLEUSDT
35,ARBUSDT
36,BARDUSDT
37,DOTUSDT
38,FILUSDT
39,LUNAUSDT
40,WLDUSDT
41,APTUSDT
42,HBARUSDT
43,ACTUSDT
44,SHIBUSDT
45,BONKUSDT
46,SEIUSDT
47,WBTCUSDT
48,BFUSDUSDT
49,TRUMPUSDT
50,POLUSDT
51,USTCUSDT
52,TONUSDT
53,LUNCUSDT
54,CAKEUSDT
55,ICPUSDT
56,WLFIUSDT
57,VIRTUALUSDT
58,STRKUSDT
59,XUSDUSDT
60,XLMUSDT
61,FETUSDT
62,OPUSDT
63,CRVUSDT
64,INJUSDT
65,ATUSDT
66,EIGENUSDT
67,FORMUSDT
68,MMTUSDT
69,SYRUPUSDT
70,USUALUSDT
71,OGUSDT
72,SOMIUSDT
73,TIAUSDT
74,AIXBTUSDT
75,LRCUSDT
76,ATOMUSDT
77,DASHUSDT
78,ETCUSDT
79,FLOKIUSDT
80,LDOUSDT
81,NEIROUSDT
82,PENDLEUSDT
83,ARUSDT
84,HAEDALUSDT
85,ZENUSDT
86,ONDOUSDT
87,ETHFIUSDT
88,ORDIUSDT
89,ARKMUSDT
90,HEMIUSDT
91,BERAUSDT
92,1INCHUSDT
93,LINEAUSDT
94,JUVUSDT
95,GALAUSDT
96,RENDERUSDT
97,DOGSUSDT
98,ZKUSDT
99,EPICUSDT
100,TWTUSDT
101,SIGNUSDT
102,SAHARAUSDT
103,ALGOUSDT
104,KAIAUSDT
105,SUSDT
106,RUNEUSDT
107,METUSDT
108,VETUSDT
109,WBETHUSDT
110,GUNUSDT
111,BIOUSDT
112,BATUSDT
113,PARTIUSDT
114,KMNOUSDT
115,ENSUSDT
116,FFUSDT
117,GHSTUSDT
118,ALLOUSDT
119,ZROUSDT
120,RAYUSDT
121,THETAUSDT
122,IMXUSDT
123,OMUSDT
124,PNUTUSDT
125,COMPUSDT
126,CFXUSDT
127,TNSRUSDT
128,BOMEUSDT
129,KITEUSDT
130,MBOXUSDT
131,JSTUSDT
132,DYDXUSDT
133,AXSUSDT
134,BANANAS31USDT
135,MANAUSDT
136,STEEMUSDT
137,MORPHOUSDT
138,SNXUSDT
139,SKYUSDT
140,FIOUSDT
141,WUSDT
142,JASMYUSDT
143,XVGUSDT
144,1000SATSUSDT
145,IOUSDT
146,TRBUSDT
147,ACEUSDT
148,XAIUSDT
149,GRTUSDT
150,THEUSDT
151,JUPUSDT
152,HUMAUSDT
153,AXLUSDT
154,PORTALUSDT
155,QNTUSDT
156,CATIUSDT
157,CUSDT
158,APEUSDT
159,MINAUSDT
160,PLUMEUSDT
161,BBUSDT
162,EURIUSDT
163,ENSOUSDT
164,PYTHUSDT
165,MANTAUSDT
166,EDENUSDT
167,CHZUSDT
168,AVNTUSDT
169,IOTAUSDT
170,KAITOUSDT
171,RSRUSDT
172,1MBABYDOGEUSDT
173,WCTUSDT
174,SANDUSDT
175,MOVEUSDT
176,TURBOUSDT
177,TURTLEUSDT
178,MEMEUSDT
179,ORCAUSDT
180,ZKCUSDT
181,VANAUSDT
182,JTOUSDT
183,ALICEUSDT
184,GLMRUSDT
185,NOTUSDT
186,SAGAUSDT
187,INITUSDT
188,PEOPLEUSDT
189,TUTUSDT
190,NEOUSDT
191,MAGICUSDT
192,SAPIENUSDT
193,SCRUSDT
194,ROSEUSDT
195,BROCCOLI714USDT
196,SUSHIUSDT
197,CELOUSDT
198,2ZUSDT
199,AUSDT
200,MEUSDT
201,SSVUSDT
202,API3USDT
203,NXPCUSDT
204,DOLOUSDT
205,TSTUSDT
206,MUBARAKUSDT
207,HYPERUSDT
208,YGGUSDT
209,RDNTUSDT
210,PROMUSDT
211,VANRYUSDT
212,1000CATUSDT
213,RESOLVUSDT
214,ALTUSDT
215,BEAMXUSDT
216,ONGUSDT
217,SUPERUSDT
218,SUNUSDT
219,STXUSDT
220,LSKUSDT
221,BANKUSDT
222,1000CHEEMSUSDT
223,COOKIEUSDT
224,KSMUSDT
225,MBLUSDT
226,TOWNSUSDT
227,CYBERUSDT
228,FLUXUSDT
229,AEVOUSDT
230,LPTUSDT
231,ZBTUSDT
232,PYRUSDT
233,PROVEUSDT
234,YFIUSDT
235,GMTUSDT
236,BNSOLUSDT
237,FUSDT
238,TRUUSDT
239,ONEUSDT
240,HOTUSDT
241,BTTCUSDT
242,BMTUSDT
243,GPSUSDT
244,BANANAUSDT
245,SANTOSUSDT
246,METISUSDT
247,KAVAUSDT
248,STGUSDT
249,MITOUSDT
250,ZILUSDT
251,CHESSUSDT
252,HOMEUSDT
253,SXPUSDT
254,HOLOUSDT
255,EDUUSDT
256,SPKUSDT
257,COTIUSDT
258,XTZUSDT
259,COWUSDT
260,TLMUSDT
261,ASRUSDT
262,ACMUSDT
263,NMRUSDT
264,GLMUSDT
265,XVSUSDT
266,MASKUSDT
267,FUNUSDT
268,TFUELUSDT
269,RONINUSDT
270,ACHUSDT
271,PIXELUSDT
273,RAREUSDT
274,WINUSDT
275,MAVUSDT
276,ADXUSDT
277,DEGOUSDT
278,CHRUSDT
279,HFTUSDT
280,FLOWUSDT
281,REZUSDT
282,KERNELUSDT
283,EGLDUSDT
284,PORTOUSDT
285,NEXOUSDT
286,DYMUSDT
287,C98USDT
288,LAUSDT
289,SOPHUSDT
290,SOLVUSDT
291,CTKUSDT
292,FXSUSDT
293,ATMUSDT
294,ALPINEUSDT
295,QTUMUSDT
296,AUCTIONUSDT
297,FIDAUSDT
298,SKLUSDT
299,ACAUSDT
300,CITYUSDT
301,HIGHUSDT
302,ASTRUSDT
303,PHBUSDT
304,OPENUSDT
305,XNOUSDT
306,MIRAUSDT
307,DIAUSDT
308,ILVUSDT
309,LISTAUSDT
310,RVNUSDT
311,RIFUSDT
312,FARMUSDT
313,CVXUSDT
314,CETUSUSDT
315,REDUSDT
316,MLNUSDT
317,DCRUSDT
318,BARUSDT
319,YBUSDT
320,NILUSDT
321,A2ZUSDT
322,PSGUSDT
323,TUSDUSDT
324,TREEUSDT
325,LUMIAUSDT
326,IOTXUSDT
327,CKBUSDT
328,BIGTIMEUSDT
329,BIFIUSDT
330,ATAUSDT
331,HEIUSDT
332,RPLUSDT
333,CGPTUSDT
334,LAZIOUSDT
335,UMAUSDT
336,NFPUSDT
337,PHAUSDT
338,ZRXUSDT
339,ENJUSDT
340,NOMUSDT
341,SHELLUSDT
342,DGBUSDT
343,BLURUSDT
344,WANUSDT
345,RLCUSDT
346,BABYUSDT
347,SXTUSDT
348,MOVRUSDT
349,OSMOUSDT
350,ANIMEUSDT
351,EULUSDT
352,DODOUSDT
353,TUSDT
354,AMPUSDT
355,POLYXUSDT
356,WOOUSDT
357,WAXPUSDT
358,ALCXUSDT
359,ARPAUSDT
360,NTRNUSDT
361,ANKRUSDT
362,AUDIOUSDT
363,OXTUSDT
364,IDUSDT
365,ERAUSDT
366,CVCUSDT
367,KNCUSDT
368,MDTUSDT
369,GMXUSDT
370,HIVEUSDT
371,LQTYUSDT
372,WALUSDT
373,STOUSDT
374,ARDRUSDT
375,AGLDUSDT
376,VTHOUSDT
377,GUSDT
378,BANDUSDT
379,SYNUSDT
380,NKNUSDT
381,HOOKUSDT
382,STRAXUSDT
383,XECUSDT
384,ONTUSDT
385,TKOUSDT
386,RADUSDT
387,CTSIUSDT
388,AIUSDT
389,SCRTUSDT
390,PIVXUSDT
391,ICXUSDT
392,AVAUSDT
393,DUSKUSDT
394,IOSTUSDT
395,OGNUSDT
396,IQUSDT
397,SFPUSDT
398,SPELLUSDT
399,DENTUSDT
400,AWEUSDT
401,DEXEUSDT
402,ARKUSDT
403,NEWTUSDT
404,QIUSDT
405,COSUSDT
406,QKCUSDT
407,DATAUSDT
408,PONDUSDT
409,VELODROMEUSDT
410,ACXUSDT
411,CELRUSDT
412,DUSDT
413,BELUSDT
414,GASUSDT
415,JOEUSDT
416,POWRUSDT
417,STORJUSDT
418,SCUSDT
419,MTLUSDT
420,SLPUSDT
421,PUNDIXUSDT
422,GNOUSDT
423,BICOUSDT
424,GNSUSDT
425,DFUSDT
426,VICUSDT
427,BNTUSDT
428,IDEXUSDT
429,REQUSDT
430,GTCUSDT
431,SYSUSDT
432,UTKUSDT
433,FORTHUSDT
435,QUICKUSDT
436,AEURUSDT
